Grano,Área (µm²)
1,6533.120000000002
2,2058.2400000000002
3,17438.720000000005
4,9256.960000000001
5,2160.6400000000003
6,16609.280000000002
7,3584.000000000001
8,24350.720000000005
9,16035.840000000004
10,10895.360000000002
11,2867.2000000000007
12,8028.160000000002
13,9236.480000000001
14,13578.240000000003
15,2498.5600000000004
16,491.5200000000001
17,1198.0800000000002
18,29521.920000000006
19,2877.4400000000005
20,942.0800000000002
21,153.60000000000002
22,51.20000000000001
23,20.480000000000004
24,10.240000000000002
25,10.240000000000002
26,10.240000000000002
27,10.240000000000002
28,10.240000000000002
29,10.240000000000002
30,7649.280000000002
31,5253.120000000001
32,6184.960000000001
33,911.3600000000001
34,1566.7200000000003
35,11939.840000000002
36,839.6800000000002
37,38113.280000000006
38,40.96000000000001
39,20.480000000000004
40,61.44000000000001
41,10.240000000000002
42,10.240000000000002
43,10.240000000000002
44,16107.520000000002
45,5703.680000000001
46,7413.760000000001
47,13895.680000000002
48,2283.5200000000004
49,3737.600000000001
50,4372.4800000000005
51,8980.480000000001
52,4341.760000000001
53,5703.680000000001
54,501.7600000000001
55,266.24000000000007
56,2478.0800000000004
57,245.76000000000005
58,20.480000000000004
59,20.480000000000004
60,14704.640000000003
61,337.9200000000001
62,10.240000000000002
63,10.240000000000002
64,61.44000000000001
65,71.68
66,8468.480000000001
67,501.7600000000001
68,14182.400000000003
69,6809.600000000001
70,7516.160000000002
71,17336.320000000003
72,2969.6000000000004
73,7598.080000000002
74,1024.0000000000002
75,604.1600000000001
76,2836.4800000000005
77,3082.2400000000007
78,61.44000000000001
79,20.480000000000004
80,20.480000000000004
81,10.240000000000002
82,51.20000000000001
83,204.80000000000004
84,10.240000000000002
85,8222.720000000001
86,4024.3200000000006
87,15534.080000000004
88,15841.280000000002
89,14110.720000000003
90,11192.320000000002
91,849.9200000000002
92,1433.6000000000004
93,2416.6400000000003
94,1003.5200000000002
95,737.2800000000002
96,51.20000000000001
97,604.1600000000001
98,245.76000000000005
99,51.20000000000001
100,20.480000000000004
101,30.720000000000006
102,20.480000000000004
103,20.480000000000004
104,10.240000000000002
105,10.240000000000002
106,30.720000000000006
107,21975.040000000005
108,16189.440000000002
109,2181.1200000000003
110,4177.920000000001
111,31406.080000000005
112,2816.0000000000005
113,8765.440000000002
114,3461.120000000001
115,4782.080000000001
116,12820.480000000003
117,92.16000000000003
118,133.12000000000003
119,61.44000000000001
120,9809.920000000002
121,4413.4400000000005
122,71.68
123,61.44000000000001
124,26296.320000000003
125,35522.560000000005
126,5580.800000000001
127,7116.800000000001
128,11264.000000000002
129,27709.440000000006
130,8038.4000000000015
131,2519.0400000000004
132,1105.9200000000003
133,6768.640000000001
134,6225.920000000001
135,9103.360000000002
136,4239.360000000001
137,389.12000000000006
138,40.96000000000001
139,11356.160000000002
140,20.480000000000004
141,20.480000000000004
142,30.720000000000006
143,20.480000000000004
144,40.96000000000001
145,10.240000000000002
146,10.240000000000002
147,51.20000000000001
148,10.240000000000002
149,10.240000000000002
150,10.240000000000002
151,10.240000000000002
152,10.240000000000002
153,1730.5600000000004
154,13957.120000000003
155,8519.680000000002
156,2949.120000000001
157,849.9200000000002
158,4413.4400000000005
159,1904.6400000000003
160,7710.720000000001
161,36259.840000000004
162,931.8400000000001
163,1822.7200000000003
164,16087.040000000003
165,40.96000000000001
166,20.480000000000004
167,645.1200000000001
168,40.96000000000001
169,10.240000000000002
170,40.96000000000001
171,5570.560000000001
172,20.480000000000004
173,10.240000000000002
174,20.480000000000004
175,20.480000000000004
176,122.88000000000002
177,3450.8800000000006
178,1751.0400000000004
179,2242.5600000000004
180,849.9200000000002
181,16056.320000000003
182,6604.800000000001
183,1689.6000000000004
184,3051.5200000000004
185,2826.2400000000007
186,829.4400000000002
187,2078.7200000000003
188,4249.600000000001
189,2273.2800000000007
190,655.3600000000001
191,1085.4400000000003
192,11560.960000000003
193,348.1600000000001
194,3788.8000000000006
195,2498.5600000000004
196,10700.800000000003
197,10.240000000000002
198,10.240000000000002
199,10.240000000000002
200,30.720000000000006
201,10.240000000000002
202,20.480000000000004
203,143.36
204,30.720000000000006
205,10.240000000000002
206,9728.000000000002
207,13803.520000000002
208,4956.160000000001
209,19660.800000000003
210,4362.240000000001
211,7372.800000000001
212,8017.920000000002
213,931.8400000000001
214,1607.6800000000003
215,1710.0800000000004
216,1187.8400000000001
217,6666.240000000002
218,1177.6000000000001
219,1628.1600000000003
220,942.0800000000002
221,40.96000000000001
222,61.44000000000001
223,9052.160000000002
224,40.96000000000001
225,40.96000000000001
226,11120.640000000003
227,92.16000000000003
228,10.240000000000002
229,245.76000000000005
230,20.480000000000004
231,30.720000000000006
232,18913.280000000002
233,17664.000000000004
234,7546.880000000001
235,2242.5600000000004
236,10905.600000000002
237,6471.680000000001
238,3809.2800000000007
239,1914.8800000000003
240,28467.200000000004
241,25507.840000000004
242,14274.560000000003
243,3553.2800000000007
244,3532.8000000000006
245,3819.520000000001
246,30.720000000000006
247,30.720000000000006
248,307.20000000000005
249,51.20000000000001
250,1454.0800000000004
251,7577.600000000001
252,14622.720000000003
253,30.720000000000006
254,20.480000000000004
255,10.240000000000002
256,10.240000000000002
257,15902.720000000003
258,2396.1600000000003
259,8386.560000000001
260,13312.000000000002
261,21637.120000000003
262,1402.8800000000003
263,22005.760000000006
264,1464.3200000000004
265,3635.2000000000007
266,1310.7200000000003
267,593.9200000000001
268,5509.120000000001
269,8867.840000000002
270,10.240000000000002
271,92.16000000000003
272,40.96000000000001
273,40.96000000000001
274,40.96000000000001
275,20.480000000000004
276,10.240000000000002
277,20.480000000000004
278,10.240000000000002
279,10.240000000000002
280,20.480000000000004
281,1034.2400000000002
282,30.720000000000006
283,10.240000000000002
284,12687.360000000002
285,4362.240000000001
286,29532.160000000007
287,1802.2400000000002
288,2816.0000000000005
289,14438.400000000003
290,2396.1600000000003
291,1249.2800000000002
292,4423.680000000001
293,8980.480000000001
294,6789.120000000002
295,471.0400000000001
296,1392.6400000000003
297,307.20000000000005
298,4874.240000000001
299,235.52000000000004
300,30.720000000000006
301,13926.400000000003
302,30.720000000000006
303,10.240000000000002
304,10301.440000000002
305,10.240000000000002
306,10.240000000000002
307,16527.360000000004
308,15779.840000000004
309,17991.680000000004
310,4392.960000000001
311,13219.840000000002
312,1884.1600000000003
313,17582.08
314,1802.2400000000002
315,2641.9200000000005
316,2437.1200000000003
317,6144.000000000001
318,11786.240000000002
319,245.76000000000005
320,593.9200000000001
321,71.68
322,3932.1600000000008
323,51.20000000000001
324,10.240000000000002
325,10.240000000000002
326,30.720000000000006
327,30.720000000000006
328,10.240000000000002
329,20.480000000000004
330,245.76000000000005
331,30.720000000000006
332,51.20000000000001
333,20.480000000000004
334,40.96000000000001
335,6891.520000000001
336,9011.200000000003
337,26890.240000000005
338,21903.360000000004
339,5335.040000000001
340,2037.7600000000004
341,6400.000000000001
342,12871.680000000002
343,962.5600000000002
344,1310.7200000000003
345,2150.4000000000005
346,737.2800000000002
347,2560.0000000000005
348,1116.1600000000003
349,716.8000000000002
350,1198.0800000000002
351,61.44000000000001
352,727.0400000000002
353,1341.4400000000003
354,122.88000000000002
355,1474.5600000000004
356,1730.5600000000004
357,9523.200000000003
358,20.480000000000004
359,5376.000000000001
360,20.480000000000004
361,2467.8400000000006
362,16936.960000000003
363,10.240000000000002
364,10.240000000000002
365,92.16000000000003
366,10.240000000000002
367,21923.840000000004
368,9000.960000000001
369,3512.3200000000006
370,10311.680000000002
371,1249.2800000000002
372,16015.360000000002
373,184.32000000000005
374,10987.520000000002
375,1259.5200000000002
376,3246.080000000001
377,6932.480000000001
378,3624.9600000000005
379,675.8400000000001
380,13742.080000000004
381,30.720000000000006
382,1208.3200000000002
383,1249.2800000000002
384,9359.360000000002
385,51.20000000000001
386,4771.840000000001
387,1648.6400000000003
388,604.1600000000001
389,10.240000000000002
390,61.44000000000001
391,10.240000000000002
392,245.76000000000005
393,20.480000000000004
394,1699.8400000000004
395,7075.840000000001
396,6973.440000000001
397,4177.920000000001
398,4096.000000000001
399,3399.6800000000007
400,1751.0400000000004
401,1495.0400000000002
402,2242.5600000000004
403,4597.760000000001
404,1208.3200000000002
405,13639.680000000002
406,890.8800000000002
407,942.0800000000002
408,952.3200000000002
409,4638.720000000001
410,7639.040000000002
411,430.0800000000001
412,706.5600000000002
413,14632.960000000003
414,1505.2800000000002
415,9943.040000000003
416,1525.7600000000002
417,5611.520000000001
418,51.20000000000001
419,30.720000000000006
420,20.480000000000004
421,10.240000000000002
422,307.20000000000005
423,931.8400000000001
424,10.240000000000002
425,10.240000000000002
426,10.240000000000002
427,18974.720000000005
428,9625.600000000002
429,3594.2400000000007
430,5017.600000000001
431,3143.6800000000007
432,6266.880000000001
433,15595.520000000002
434,5642.240000000001
435,11632.640000000003
436,4833.280000000001
437,1310.7200000000003
438,3962.8800000000006
439,2426.8800000000006
440,2129.9200000000005
441,1003.5200000000002
442,1187.8400000000001
443,573.44
444,61.44000000000001
445,5027.840000000001
446,11806.720000000003
447,819.2000000000002
448,1935.3600000000004
449,4157.4400000000005
450,419.8400000000001
451,983.0400000000002
452,61.44000000000001
453,399.36000000000007
454,10.240000000000002
455,30.720000000000006
456,40.96000000000001
457,10.240000000000002
458,61.44000000000001
459,20.480000000000004
460,30.720000000000006
461,10.240000000000002
462,31283.200000000004
463,13926.400000000003
464,6860.800000000001
465,17848.320000000003
466,2785.2800000000007
467,11038.720000000003
468,1658.8800000000003
469,3051.5200000000004
470,2017.2800000000004
471,4239.360000000001
472,1822.7200000000003
473,6328.3200000000015
474,8407.04
475,4741.120000000001
476,11673.600000000002
477,3092.4800000000005
478,348.1600000000001
479,645.1200000000001
480,2693.1200000000003
481,8099.840000000002
482,1730.5600000000004
483,51.20000000000001
484,30.720000000000006
485,30.720000000000006
486,20.480000000000004
487,10.240000000000002
488,10.240000000000002
489,18810.880000000005
490,10.240000000000002
491,51.20000000000001
492,30.720000000000006
493,20.480000000000004
494,12124.160000000002
495,11028.480000000001
496,21186.560000000005
497,13209.600000000002
498,3072.0000000000005
499,4167.680000000001
500,8529.920000000002
501,8110.080000000002
502,2754.5600000000004
503,5632.000000000001
504,993.2800000000002
505,5160.960000000001
506,2652.1600000000003
507,5345.280000000001
508,12308.480000000003
509,532.4800000000001
510,12288.000000000002
511,4433.920000000001
512,225.28000000000003
513,921.6000000000001
514,9707.520000000002
515,133.12000000000003
516,30.720000000000006
517,40.96000000000001
518,30.720000000000006
519,10.240000000000002
520,20.480000000000004
521,92.16000000000003
522,40.96000000000001
523,40.96000000000001
524,40.96000000000001
525,20.480000000000004
526,10.240000000000002
527,30.720000000000006
528,5857.280000000002
529,17879.040000000005
530,4075.520000000001
531,2785.2800000000007
532,2775.0400000000004
533,768.0000000000001
534,2775.0400000000004
535,3512.3200000000006
536,81.92000000000002
537,3737.600000000001
538,1607.6800000000003
539,2385.9200000000005
540,30822.400000000005
541,512.0000000000001
542,245.76000000000005
543,14848.000000000004
544,1146.88
545,6205.440000000001
546,1382.4000000000003
547,5928.960000000001
548,1064.9600000000003
549,81.92000000000002
550,30.720000000000006
551,30.720000000000006
552,71.68
553,20.480000000000004
554,51.20000000000001
555,25579.520000000004
556,20.480000000000004
557,10.240000000000002
558,6645.760000000001
559,3870.7200000000007
560,8570.880000000001
561,7587.840000000001
562,1873.9200000000003
563,10321.920000000002
564,2488.3200000000006
565,16035.840000000004
566,4198.400000000001
567,2222.0800000000004
568,15882.240000000003
569,4096.000000000001
570,12933.120000000003
571,7249.920000000001
572,2713.6000000000004
573,440.3200000000001
574,378.88000000000005
575,460.80000000000007
576,81.92000000000002
577,1218.5600000000002
578,30.720000000000006
579,2590.7200000000007
580,10.240000000000002
581,20.480000000000004
582,20.480000000000004
583,40.96000000000001
584,2140.1600000000003
585,33474.560000000005
586,18636.800000000003
587,19916.800000000003
588,21309.440000000002
589,6123.520000000001
590,4638.720000000001
591,19353.600000000002
592,3952.640000000001
593,20254.720000000005
594,1392.6400000000003
595,17602.560000000005
596,870.4000000000002
597,2447.3600000000006
598,737.2800000000002
599,808.9600000000002
600,911.3600000000001
601,4270.080000000001
602,43192.32000000001
603,727.0400000000002
604,430.0800000000001
605,20.480000000000004
606,20.480000000000004
607,20.480000000000004
608,911.3600000000001
609,10.240000000000002
610,40.96000000000001
611,30.720000000000006
612,10.240000000000002
613,71.68
614,10.240000000000002
615,10.240000000000002
616,10.240000000000002
617,11089.920000000002
618,8376.320000000002
619,1863.6800000000003
620,2856.9600000000005
621,3778.560000000001
622,1044.4800000000002
623,5437.440000000001
624,3737.600000000001
625,1515.5200000000002
626,1433.6000000000004
627,1576.9600000000003
628,1699.8400000000004
629,1310.7200000000003
630,3758.080000000001
631,337.9200000000001
632,419.8400000000001
633,512.0000000000001
634,61.44000000000001
635,133.12000000000003
636,61.44000000000001
637,15421.440000000002
638,40.96000000000001
639,10.240000000000002
640,10.240000000000002
641,20.480000000000004
642,143.36
643,51.20000000000001
644,20.480000000000004
645,25180.160000000003
646,8550.400000000001
647,3368.9600000000005
648,10762.240000000002
649,6553.600000000001
650,47114.24000000001
651,3072.0000000000005
652,15513.600000000002
653,1853.4400000000003
654,12390.400000000003
655,18176.000000000004
656,1351.6800000000003
657,3614.7200000000007
658,8663.04
659,6103.040000000001
660,1587.2000000000003
661,860.1600000000002
662,1085.4400000000003
663,40.96000000000001
664,1024.0000000000002
665,30.720000000000006
666,51.20000000000001
667,30.720000000000006
668,1966.0800000000004
669,552.9600000000002
670,3973.120000000001
671,30.720000000000006
672,30.720000000000006
673,5171.200000000001
674,10229.760000000002
675,20.480000000000004
676,20.480000000000004
677,10.240000000000002
678,10.240000000000002
679,40.96000000000001
680,10.240000000000002
681,30.720000000000006
682,30.720000000000006
683,10.240000000000002
684,10.240000000000002
685,9984.000000000002
686,20152.320000000003
687,2170.8800000000006
688,9943.040000000003
689,2099.2000000000003
690,2816.0000000000005
691,849.9200000000002
692,9973.760000000002
693,14438.400000000003
694,1290.2400000000002
695,2693.1200000000003
696,1822.7200000000003
697,9113.600000000002
698,1259.5200000000002
699,8622.080000000002
700,696.3200000000002
701,675.8400000000001
702,399.36000000000007
703,716.8000000000002
704,133.12000000000003
705,133.12000000000003
706,30.720000000000006
707,4751.360000000001
708,30.720000000000006
709,1249.2800000000002
710,3942.4000000000005
711,30.720000000000006
712,30.720000000000006
713,30.720000000000006
714,30.720000000000006
715,10.240000000000002
716,20.480000000000004
717,20.480000000000004
718,20.480000000000004
719,10.240000000000002
720,30.720000000000006
721,51.20000000000001
722,20.480000000000004
723,10.240000000000002
724,20.480000000000004
725,133.12000000000003
726,8294.400000000001
727,15319.040000000003
728,6379.520000000001
729,8325.12
730,4546.560000000001
731,1730.5600000000004
732,6809.600000000001
733,1433.6000000000004
734,4761.600000000001
735,5703.680000000001
736,31621.120000000006
737,1761.2800000000004
738,7987.200000000002
739,829.4400000000002
740,2580.4800000000005
741,7659.520000000001
742,28211.200000000004
743,1024.0000000000002
744,30.720000000000006
745,696.3200000000002
746,10.240000000000002
747,10.240000000000002
748,10.240000000000002
749,51.20000000000001
750,5806.080000000001
751,3952.640000000001
752,5038.080000000001
753,5242.880000000001
754,12933.120000000003
755,5836.800000000001
756,2682.8800000000006
757,2682.8800000000006
758,5120.000000000001
759,5601.280000000001
760,2529.2800000000007
761,2488.3200000000006
762,4669.4400000000005
763,337.9200000000001
764,4915.200000000001
765,15493.120000000003
766,6502.4000000000015
767,1085.4400000000003
768,7598.080000000002
769,256.00000000000006
770,13404.160000000003
771,81.92000000000002
772,37150.72000000001
773,14602.240000000003
774,10.240000000000002
775,10.240000000000002
776,10.240000000000002
777,4864.000000000001
778,10352.640000000001
779,8755.200000000003
780,7086.080000000002
781,14059.520000000002
782,19978.240000000005
783,5662.720000000001
784,3952.640000000001
785,10465.280000000002
786,2263.0400000000004
787,1392.6400000000003
788,4382.720000000001
789,1832.9600000000003
790,665.6000000000001
791,573.44
792,25354.240000000005
793,4812.800000000001
794,839.6800000000002
795,184.32000000000005
796,6615.040000000001
797,655.3600000000001
798,747.5200000000001
799,30.720000000000006
800,8079.3600000000015
801,20.480000000000004
802,10.240000000000002
803,10.240000000000002
804,10.240000000000002
805,10.240000000000002
806,20.480000000000004
807,10.240000000000002
808,10.240000000000002
809,20.480000000000004
810,10.240000000000002
811,40.96000000000001
812,10.240000000000002
813,3788.8000000000006
814,41482.240000000005
815,23173.120000000006
816,19466.240000000005
817,4700.160000000001
818,8642.560000000001
819,4382.720000000001
820,7444.480000000001
821,10752.000000000002
822,2447.3600000000006
823,10496.000000000002
824,2703.3600000000006
825,696.3200000000002
826,542.7200000000001
827,23480.320000000003
828,1832.9600000000003
829,1720.3200000000004
830,23920.640000000003
831,2232.3200000000006
832,1320.9600000000003
833,368.6400000000001
834,225.28000000000003
835,51.20000000000001
836,10618.880000000003
837,1976.3200000000004
838,92.16000000000003
839,51.20000000000001
840,30.720000000000006
841,10.240000000000002
842,40.96000000000001
843,10.240000000000002
844,4812.800000000001
845,20.480000000000004
846,40.96000000000001
847,10.240000000000002
848,40.96000000000001
849,10.240000000000002
850,8366.080000000002
851,10.240000000000002
852,30.720000000000006
853,19619.840000000004
854,3491.8400000000006
855,2754.5600000000004
856,2539.5200000000004
857,27955.200000000004
858,4126.720000000001
859,1249.2800000000002
860,2600.9600000000005
861,1945.6000000000004
862,1484.8000000000002
863,12247.040000000003
864,2938.8800000000006
865,829.4400000000002
866,378.88000000000005
867,3973.120000000001
868,747.5200000000001
869,3553.2800000000007
870,368.6400000000001
871,8355.840000000002
872,215.04000000000005
873,10.240000000000002
874,10.240000000000002
875,40.96000000000001
876,10.240000000000002
877,20.480000000000004
878,30.720000000000006
879,30.720000000000006
880,10.240000000000002
881,30.720000000000006
882,10.240000000000002
883,20.480000000000004
884,20.480000000000004
885,20.480000000000004
886,30.720000000000006
887,10.240000000000002
888,19015.680000000004
889,5314.560000000001
890,6246.4000000000015
891,1464.3200000000004
892,4782.080000000001
893,5898.240000000002
894,7567.3600000000015
895,23439.360000000004
896,3205.120000000001
897,1474.5600000000004
898,1372.1600000000003
899,4423.680000000001
900,2252.8000000000006
901,24811.520000000004
902,1617.9200000000003
903,4976.640000000001
904,3215.3600000000006
905,2078.7200000000003
906,18339.840000000004
907,2846.7200000000007
908,1843.2000000000003
909,8069.120000000002
910,3102.7200000000007
911,501.7600000000001
912,30.720000000000006
913,10.240000000000002
914,4556.800000000001
915,51.20000000000001
916,20.480000000000004
917,10.240000000000002
918,40.96000000000001
919,20.480000000000004
920,10.240000000000002
921,51.20000000000001
922,10.240000000000002
923,10.240000000000002
924,10.240000000000002
925,10.240000000000002
926,5734.4000000000015
927,24555.520000000004
928,4976.640000000001
929,1280.0000000000002
930,17295.360000000004
931,5826.560000000001
932,3973.120000000001
933,11264.000000000002
934,552.9600000000002
935,18800.640000000003
936,2631.6800000000003
937,552.9600000000002
938,8581.12
939,61.44000000000001
940,21217.280000000002
941,3553.2800000000007
942,6072.3200000000015
943,389.12000000000006
944,880.6400000000002
945,30.720000000000006
946,12718.080000000002
947,10.240000000000002
948,20.480000000000004
949,20.480000000000004
950,10.240000000000002
951,10.240000000000002
952,307.20000000000005
953,10.240000000000002
954,19558.400000000005
955,9103.360000000002
956,11335.680000000002
957,16046.080000000004
958,3010.5600000000004
959,7792.640000000001
960,2928.640000000001
961,10997.760000000002
962,3266.560000000001
963,10117.120000000003
964,2734.0800000000004
965,4392.960000000001
966,1208.3200000000002
967,1689.6000000000004
968,1699.8400000000004
969,1064.9600000000003
970,14008.320000000003
971,28211.200000000004
972,583.6800000000001
973,1259.5200000000002
974,296.96000000000004
975,665.6000000000001
976,30.720000000000006
977,696.3200000000002
978,839.6800000000002
979,440.3200000000001
980,133.12000000000003
981,40.96000000000001
982,757.7600000000001
983,40.96000000000001
984,10.240000000000002
985,30.720000000000006
986,30.720000000000006
987,10.240000000000002
988,10.240000000000002
989,20.480000000000004
990,10.240000000000002
991,10.240000000000002
992,10.240000000000002
993,10.240000000000002
994,7505.920000000002
995,13670.400000000003
996,18309.120000000003
997,33433.600000000006
998,22476.800000000003
999,3676.1600000000008
1000,1925.1200000000003
1001,21329.920000000006
1002,1638.4000000000003
1003,7884.800000000001
1004,23080.960000000003
1005,2600.9600000000005
1006,1116.1600000000003
1007,7383.040000000002
1008,51.20000000000001
1009,491.5200000000001
1010,30.720000000000006
1011,430.0800000000001
1012,30.720000000000006
1013,17991.680000000004
1014,20.480000000000004
1015,1515.5200000000002
1016,40.96000000000001
1017,10.240000000000002
1018,20.480000000000004
1019,20.480000000000004
1020,30.720000000000006
1021,51.20000000000001
1022,40.96000000000001
1023,51.20000000000001
1024,20.480000000000004
1025,3860.480000000001
1026,9144.320000000002
1027,5611.520000000001
1028,3584.000000000001
1029,2713.6000000000004
1030,7485.440000000001
1031,3205.120000000001
1032,4904.960000000001
1033,6871.040000000002
1034,3072.0000000000005
1035,7454.720000000001
1036,3409.9200000000005
1037,21678.080000000005
1038,33187.840000000004
1039,2119.6800000000003
1040,14827.520000000002
1041,1464.3200000000004
1042,1310.7200000000003
1043,634.8800000000001
1044,870.4000000000002
1045,6246.4000000000015
1046,952.3200000000002
1047,378.88000000000005
1048,92.16000000000003
1049,583.6800000000001
1050,20.480000000000004
1051,30.720000000000006
1052,40.96000000000001
1053,10.240000000000002
1054,30.720000000000006
1055,10.240000000000002
1056,10.240000000000002
1057,61.44000000000001
1058,30.720000000000006
1059,10.240000000000002
1060,30.720000000000006
1061,30.720000000000006
1062,10.240000000000002
1063,20.480000000000004
1064,20.480000000000004
1065,30.720000000000006
1066,9717.760000000002
1067,1792.0000000000005
1068,5478.4000000000015
1069,10649.600000000002
1070,2119.6800000000003
1071,1679.3600000000004
1072,1781.7600000000004
1073,7731.200000000002
1074,2365.4400000000005
1075,3430.4000000000005
1076,2058.2400000000002
1077,3686.4000000000005
1078,4413.4400000000005
1079,552.9600000000002
1080,696.3200000000002
1081,2242.5600000000004
1082,5345.280000000001
1083,2478.0800000000004
1084,1013.7600000000002
1085,1484.8000000000002
1086,17326.08
1087,61.44000000000001
1088,20.480000000000004
1089,266.24000000000007
1090,133.12000000000003
1091,10.240000000000002
1092,20.480000000000004
1093,40.96000000000001
1094,20.480000000000004
1095,30.720000000000006
1096,10.240000000000002
1097,30.720000000000006
1098,9328.640000000001
1099,30.720000000000006
1100,20.480000000000004
1101,30.720000000000006
1102,61.44000000000001
1103,20.480000000000004
1104,30.720000000000006
1105,14120.960000000003
1106,5437.440000000001
1107,9902.080000000002
1108,6707.200000000002
1109,8284.160000000002
1110,3287.0400000000004
1111,2037.7600000000004
1112,3481.600000000001
1113,1003.5200000000002
1114,1177.6000000000001
1115,6471.680000000001
1116,7260.160000000002
1117,8816.640000000001
1118,2693.1200000000003
1119,1208.3200000000002
1120,1075.2000000000003
1121,2140.1600000000003
1122,3614.7200000000007
1123,1710.0800000000004
1124,11724.800000000003
1125,40.96000000000001
1126,2242.5600000000004
1127,1198.0800000000002
1128,30.720000000000006
1129,18073.600000000002
1130,235.52000000000004
1131,747.5200000000001
1132,10.240000000000002
1133,30.720000000000006
1134,296.96000000000004
1135,10.240000000000002
1136,10.240000000000002
1137,30.720000000000006
1138,10.240000000000002
1139,30.720000000000006
1140,30.720000000000006
1141,8908.800000000001
1142,5918.720000000001
1143,1402.8800000000003
1144,25958.400000000005
1145,3686.4000000000005
1146,1556.4800000000002
1147,389.12000000000006
1148,3512.3200000000006
1149,1034.2400000000002
1150,3164.1600000000008
1151,4403.200000000001
1152,8058.880000000002
1153,20090.880000000005
1154,215.04000000000005
1155,4106.240000000001
1156,184.32000000000005
1157,593.9200000000001
1158,30.720000000000006
1159,61.44000000000001
1160,1269.7600000000002
1161,614.4000000000001
1162,11427.840000000002
1163,20.480000000000004
1164,307.20000000000005
1165,20.480000000000004
1166,30.720000000000006
1167,10.240000000000002
1168,51.20000000000001
1169,10.240000000000002
1170,10.240000000000002
1171,40.96000000000001
1172,11622.400000000001
1173,30.720000000000006
1174,20.480000000000004
1175,10.240000000000002
1176,10.240000000000002
1177,24616.960000000006
1178,11776.000000000002
1179,1658.8800000000003
1180,3123.2000000000007
1181,2979.8400000000006
1182,2252.8000000000006
1183,1146.88
1184,2447.3600000000006
1185,1925.1200000000003
1186,1792.0000000000005
1187,1669.1200000000003
1188,5806.080000000001
1189,727.0400000000002
1190,890.8800000000002
1191,30.720000000000006
1192,20766.720000000005
1193,10.240000000000002
1194,30.720000000000006
1195,40.96000000000001
1196,30.720000000000006
1197,40.96000000000001
1198,30.720000000000006
1199,10.240000000000002
1200,10.240000000000002
1201,5355.520000000001
1202,6451.200000000002
1203,2816.0000000000005
1204,19517.440000000002
1205,1331.2000000000003
1206,5437.440000000001
1207,31180.800000000007
1208,7526.4000000000015
1209,4372.4800000000005
1210,12410.880000000003
1211,13025.280000000002
1212,2887.6800000000007
1213,2211.8400000000006
1214,1996.8000000000004
1215,2273.2800000000007
1216,972.8000000000002
1217,9041.920000000002
1218,1679.3600000000004
1219,10987.520000000002
1220,4362.240000000001
1221,552.9600000000002
1222,4812.800000000001
1223,1310.7200000000003
1224,10.240000000000002
1225,2529.2800000000007
1226,10.240000000000002
1227,215.04000000000005
1228,10.240000000000002
1229,102.40000000000002
1230,30.720000000000006
1231,10.240000000000002
1232,10.240000000000002
1233,40.96000000000001
1234,10.240000000000002
1235,34406.40000000001
1236,4648.960000000001
1237,2263.0400000000004
1238,15134.720000000003
1239,2119.6800000000003
1240,14336.000000000004
1241,532.4800000000001
1242,9676.800000000001
1243,5099.520000000001
1244,22046.720000000005
1245,8652.800000000001
1246,399.36000000000007
1247,4884.480000000001
1248,9564.160000000002
1249,7270.4000000000015
1250,901.1200000000001
1251,40.96000000000001
1252,40.96000000000001
1253,573.44
1254,3706.8800000000006
1255,8130.560000000001
1256,51.20000000000001
1257,20.480000000000004
1258,266.24000000000007
1259,8161.280000000002
1260,20.480000000000004
1261,20.480000000000004
1262,30.720000000000006
1263,51.20000000000001
1264,13690.880000000003
1265,30.720000000000006
1266,20.480000000000004
1267,30.720000000000006
1268,36341.76000000001
1269,2693.1200000000003
1270,26818.560000000005
1271,8151.040000000002
1272,9953.280000000002
1273,2222.0800000000004
1274,2897.9200000000005
1275,5242.880000000001
1276,1290.2400000000002
1277,3747.8400000000006
1278,307.20000000000005
1279,727.0400000000002
1280,337.9200000000001
1281,10946.560000000001
1282,215.04000000000005
1283,133.12000000000003
1284,1075.2000000000003
1285,10.240000000000002
1286,10.240000000000002
1287,10.240000000000002
1288,61.44000000000001
1289,20.480000000000004
1290,10.240000000000002
1291,10.240000000000002
1292,10.240000000000002
1293,10.240000000000002
1294,30.720000000000006
1295,6184.960000000001
1296,8202.240000000002
1297,11786.240000000002
1298,12779.520000000002
1299,3092.4800000000005
1300,3020.8000000000006
1301,6215.680000000001
1302,6400.000000000001
1303,6451.200000000002
1304,6604.800000000001
1305,18933.760000000002
1306,16332.800000000003
1307,16998.400000000005
1308,2826.2400000000007
1309,829.4400000000002
1310,13905.920000000002
1311,51.20000000000001
1312,337.9200000000001
1313,40.96000000000001
1314,3706.8800000000006
1315,3727.3600000000006
1316,133.12000000000003
1317,952.3200000000002
1318,20.480000000000004
1319,1218.5600000000002
1320,542.7200000000001
1321,40.96000000000001
1322,20.480000000000004
1323,10.240000000000002
1324,10.240000000000002
1325,10.240000000000002
1326,20.480000000000004
1327,10.240000000000002
1328,20.480000000000004
1329,30.720000000000006
1330,12001.280000000002
1331,5826.560000000001
1332,25405.440000000006
1333,22476.800000000003
1334,3870.7200000000007
1335,10721.280000000002
1336,8407.04
1337,2140.1600000000003
1338,5468.160000000001
1339,1935.3600000000004
1340,1249.2800000000002
1341,450.56000000000006
1342,1228.8000000000002
1343,4311.040000000001
1344,10127.360000000002
1345,8448.000000000002
1346,286.72
1347,30.720000000000006
1348,20.480000000000004
1349,61.44000000000001
1350,30.720000000000006
1351,430.0800000000001
1352,419.8400000000001
1353,15697.920000000004
1354,2304.0000000000005
1355,10.240000000000002
1356,10.240000000000002
1357,10.240000000000002
1358,51.20000000000001
1359,30.720000000000006
1360,22865.920000000006
1361,10.240000000000002
1362,20.480000000000004
1363,25917.440000000006
1364,15575.040000000003
1365,7741.440000000001
1366,1986.5600000000004
1367,3942.4000000000005
1368,1802.2400000000002
1369,686.0800000000002
1370,2201.6000000000004
1371,532.4800000000001
1372,1556.4800000000002
1373,7710.720000000001
1374,15011.840000000004
1375,5662.720000000001
1376,18667.520000000004
1377,880.6400000000002
1378,21524.480000000003
1379,20.480000000000004
1380,10.240000000000002
1381,71.68
1382,30.720000000000006
1383,71.68
1384,10.240000000000002
1385,20.480000000000004
1386,10.240000000000002
1387,10.240000000000002
1388,10.240000000000002
1389,10.240000000000002
1390,30.720000000000006
1391,40.96000000000001
1392,1310.7200000000003
1393,8396.800000000001
1394,6635.520000000001
1395,10311.680000000002
1396,1955.8400000000004
1397,2918.4000000000005
1398,7403.520000000001
1399,7045.120000000002
1400,1484.8000000000002
1401,2959.3600000000006
1402,14479.360000000002
1403,1146.88
1404,13619.200000000003
1405,1218.5600000000002
1406,2263.0400000000004
1407,3194.8800000000006
1408,5713.920000000001
1409,112.64000000000001
1410,5089.280000000001
1411,29132.800000000007
1412,102.40000000000002
1413,17735.680000000004
1414,1751.0400000000004
1415,1996.8000000000004
1416,215.04000000000005
1417,3481.600000000001
1418,30.720000000000006
1419,911.3600000000001
1420,30.720000000000006
1421,40.96000000000001
1422,61.44000000000001
1423,10.240000000000002
1424,10.240000000000002
1425,12840.960000000003
1426,10.240000000000002
1427,61.44000000000001
1428,10.240000000000002
1429,20.480000000000004
1430,10.240000000000002
1431,61.44000000000001
1432,10.240000000000002
1433,10.240000000000002
1434,8273.920000000002
1435,24279.040000000005
1436,11120.640000000003
1437,880.6400000000002
1438,4802.560000000001
1439,1536.0000000000002
1440,5570.560000000001
1441,2099.2000000000003
1442,5120.000000000001
1443,3020.8000000000006
1444,6789.120000000002
1445,1576.9600000000003
1446,1925.1200000000003
1447,40.96000000000001
1448,30433.280000000006
1449,30.720000000000006
1450,40.96000000000001
1451,10.240000000000002
1452,30.720000000000006
1453,10.240000000000002
1454,10.240000000000002
1455,20.480000000000004
1456,10.240000000000002
1457,20.480000000000004
1458,10.240000000000002
1459,20.480000000000004
1460,10.240000000000002
1461,17039.360000000004
1462,2631.6800000000003
1463,15544.320000000003
1464,8304.640000000001
1465,3471.3600000000006
1466,6215.680000000001
1467,13393.920000000002
1468,3440.640000000001
1469,12421.120000000003
1470,1822.7200000000003
1471,1105.9200000000003
1472,3553.2800000000007
1473,13158.400000000003
1474,7731.200000000002
1475,15861.760000000004
1476,1136.6400000000003
1477,819.2000000000002
1478,2324.4800000000005
1479,757.7600000000001
1480,501.7600000000001
1481,61.44000000000001
1482,1832.9600000000003
1483,2283.5200000000004
1484,6932.480000000001
1485,409.6000000000001
1486,368.6400000000001
1487,3184.640000000001
1488,8263.680000000002
1489,30.720000000000006
1490,491.5200000000001
1491,675.8400000000001
1492,10.240000000000002
1493,30.720000000000006
1494,92.16000000000003
1495,4904.960000000001
1496,30.720000000000006
1497,51.20000000000001
1498,51.20000000000001
1499,10.240000000000002
1500,20.480000000000004
1501,10.240000000000002
1502,61.44000000000001
1503,30.720000000000006
1504,30.720000000000006
1505,4945.920000000001
1506,5580.800000000001
1507,7649.280000000002
1508,10403.840000000002
1509,6379.520000000001
1510,1443.8400000000004
1511,16435.200000000004
1512,3102.7200000000007
1513,5263.360000000001
1514,778.2400000000001
1515,4065.2800000000007
1516,1751.0400000000004
1517,1454.0800000000004
1518,1341.4400000000003
1519,1587.2000000000003
1520,419.8400000000001
1521,184.32000000000005
1522,1648.6400000000003
1523,962.5600000000002
1524,20.480000000000004
1525,20.480000000000004
1526,30.720000000000006
1527,61.44000000000001
1528,20.480000000000004
1529,40.96000000000001
1530,40.96000000000001
1531,30.720000000000006
1532,19742.720000000005
1533,30.720000000000006
1534,15441.920000000004
1535,8519.680000000002
1536,5775.3600000000015
1537,7905.280000000002
1538,3737.600000000001
1539,7720.960000000002
1540,6103.040000000001
1541,6359.040000000001
1542,4126.720000000001
1543,5642.240000000001
1544,3164.1600000000008
1545,7127.040000000002
1546,15298.560000000003
1547,14817.280000000002
1548,1024.0000000000002
1549,1587.2000000000003
1550,1249.2800000000002
1551,1269.7600000000002
1552,1126.4000000000003
1553,634.8800000000001
1554,4608.000000000001
1555,2017.2800000000004
1556,11345.920000000002
1557,901.1200000000001
1558,1996.8000000000004
1559,102.40000000000002
1560,276.4800000000001
1561,245.76000000000005
1562,92.16000000000003
1563,450.56000000000006
1564,20.480000000000004
1565,51.20000000000001
1566,40.96000000000001
1567,10.240000000000002
1568,30.720000000000006
1569,21964.800000000003
1570,10.240000000000002
1571,133.12000000000003
1572,30.720000000000006
1573,8140.800000000002
1574,10.240000000000002
1575,10.240000000000002
1576,9472.000000000002
1577,1812.4800000000002
1578,4218.880000000001
1579,4311.040000000001
1580,4147.200000000001
1581,2611.2000000000007
1582,993.2800000000002
1583,2539.5200000000004
1584,5416.960000000001
1585,7659.520000000001
1586,1853.4400000000003
1587,6696.960000000001
1588,3799.040000000001
1589,5109.760000000001
1590,8110.080000000002
1591,1300.4800000000002
1592,491.5200000000001
1593,624.6400000000001
1594,542.7200000000001
1595,61.44000000000001
1596,819.2000000000002
1597,491.5200000000001
1598,30.720000000000006
1599,39710.72000000001
1600,645.1200000000001
1601,10.240000000000002
1602,153.60000000000002
1603,10.240000000000002
1604,10.240000000000002
1605,102.40000000000002
1606,184.32000000000005
1607,13537.280000000002
1608,16087.040000000003
1609,20.480000000000004
1610,10.240000000000002
1611,10.240000000000002
1612,10.240000000000002
1613,81.92000000000002
1614,18995.200000000004
1615,8990.720000000001
1616,5611.520000000001
1617,7331.840000000001
1618,4208.640000000001
1619,9349.120000000003
1620,10403.840000000002
1621,942.0800000000002
1622,1679.3600000000004
1623,1597.4400000000003
1624,634.8800000000001
1625,10874.880000000003
1626,1054.7200000000003
1627,1034.2400000000002
1628,5386.240000000001
1629,3031.0400000000004
1630,686.0800000000002
1631,1290.2400000000002
1632,1699.8400000000004
1633,2334.7200000000003
1634,808.9600000000002
1635,1413.1200000000003
1636,266.24000000000007
1637,552.9600000000002
1638,890.8800000000002
1639,696.3200000000002
1640,1167.3600000000001
1641,307.20000000000005
1642,3225.600000000001
1643,675.8400000000001
1644,1648.6400000000003
1645,6707.200000000002
1646,778.2400000000001
1647,20.480000000000004
1648,20.480000000000004
1649,10.240000000000002
1650,10.240000000000002
1651,952.3200000000002
1652,20.480000000000004
1653,10.240000000000002
1654,6778.880000000001
1655,5693.440000000001
1656,5713.920000000001
1657,11407.360000000002
1658,19353.600000000002
1659,12800.000000000002
1660,5365.760000000001
1661,2324.4800000000005
1662,7290.880000000001
1663,4884.480000000001
1664,17766.400000000005
1665,3194.8800000000006
1666,10045.440000000002
1667,2068.4800000000005
1668,3880.960000000001
1669,1280.0000000000002
1670,378.88000000000005
1671,1628.1600000000003
1672,4577.280000000001
1673,256.00000000000006
1674,522.2400000000001
1675,563.2000000000002
1676,112.64000000000001
1677,737.2800000000002
1678,30.720000000000006
1679,5847.040000000001
1680,30.720000000000006
1681,10.240000000000002
1682,10.240000000000002
1683,20.480000000000004
1684,1034.2400000000002
1685,40.96000000000001
1686,20.480000000000004
1687,30.720000000000006
1688,10147.840000000002
1689,3123.2000000000007
1690,6164.480000000001
1691,2785.2800000000007
1692,2908.1600000000008
1693,2222.0800000000004
1694,1361.9200000000003
1695,15165.440000000002
1696,4229.120000000001
1697,1464.3200000000004
1698,4495.360000000001
1699,4761.600000000001
1700,1986.5600000000004
1701,1361.9200000000003
1702,1751.0400000000004
1703,8785.920000000002
1704,471.0400000000001
1705,7014.4000000000015
1706,10618.880000000003
1707,1382.4000000000003
1708,5498.880000000001
1709,645.1200000000001
1710,3819.520000000001
1711,727.0400000000002
1712,9062.400000000001
1713,2846.7200000000007
1714,102.40000000000002
1715,440.3200000000001
1716,5713.920000000001
1717,16076.800000000003
1718,4321.280000000001
1719,522.2400000000001
1720,30.720000000000006
1721,61.44000000000001
1722,10.240000000000002
1723,20.480000000000004
1724,92.16000000000003
1725,204.80000000000004
1726,5396.480000000001
1727,1781.7600000000004
1728,2385.9200000000005
1729,3041.2800000000007
1730,3471.3600000000006
1731,9564.160000000002
1732,3717.120000000001
1733,1239.0400000000002
1734,13629.440000000002
1735,16332.800000000003
1736,3901.440000000001
1737,645.1200000000001
1738,15185.920000000004
1739,19005.440000000002
1740,2641.9200000000005
1741,1648.6400000000003
1742,38748.16000000001
1743,491.5200000000001
1744,2078.7200000000003
1745,7198.720000000001
1746,12564.480000000003
1747,184.32000000000005
1748,3921.920000000001
1749,4976.640000000001
1750,604.1600000000001
1751,389.12000000000006
1752,4659.200000000001
1753,30.720000000000006
1754,30.720000000000006
1755,10.240000000000002
1756,10.240000000000002
1757,92.16000000000003
1758,10.240000000000002
1759,10.240000000000002
1760,30.720000000000006
1761,10.240000000000002
1762,10.240000000000002
1763,71.68
1764,8448.000000000002
1765,8919.04
1766,7249.920000000001
1767,27873.280000000006
1768,31610.880000000005
1769,3635.2000000000007
1770,6338.560000000001
1771,4259.840000000001
1772,593.9200000000001
1773,4587.52
1774,348.1600000000001
1775,1249.2800000000002
1776,4485.120000000001
1777,32000.000000000007
1778,153.60000000000002
1779,40.96000000000001
1780,3665.9200000000005
1781,16527.360000000004
1782,39936.00000000001
1783,20.480000000000004
1784,10.240000000000002
1785,92.16000000000003
1786,10.240000000000002
1787,10.240000000000002
1788,20.480000000000004
1789,655.3600000000001
1790,10.240000000000002
1791,40.96000000000001
1792,10.240000000000002
1793,10.240000000000002
1794,30.720000000000006
1795,25518.080000000005
1796,7229.440000000001
1797,4157.4400000000005
1798,5130.240000000001
1799,9820.160000000002
1800,4055.040000000001
1801,1617.9200000000003
1802,2959.3600000000006
1803,7577.600000000001
1804,3328.0000000000005
1805,1843.2000000000003
1806,819.2000000000002
1807,2385.9200000000005
1808,8355.840000000002
1809,1699.8400000000004
1810,1556.4800000000002
1811,522.2400000000001
1812,1372.1600000000003
1813,747.5200000000001
1814,6440.960000000001
1815,30.720000000000006
1816,665.6000000000001
1817,20.480000000000004
1818,2580.4800000000005
1819,20.480000000000004
1820,10.240000000000002
1821,30.720000000000006
1822,184.32000000000005
1823,81.92000000000002
1824,30.720000000000006
1825,2959.3600000000006
1826,4628.4800000000005
1827,6225.920000000001
1828,8550.400000000001
1829,12124.160000000002
1830,18462.720000000005
1831,4280.320000000001
1832,13711.360000000002
1833,5468.160000000001
1834,2119.6800000000003
1835,1126.4000000000003
1836,7331.840000000001
1837,348.1600000000001
1838,1249.2800000000002
1839,440.3200000000001
1840,1966.0800000000004
1841,6410.240000000002
1842,92.16000000000003
1843,460.80000000000007
1844,92.16000000000003
1845,17551.360000000004
1846,40.96000000000001
1847,30.720000000000006
1848,10.240000000000002
1849,10.240000000000002
1850,10.240000000000002
1851,10.240000000000002
1852,51.20000000000001
1853,20.480000000000004
1854,20.480000000000004
1855,10.240000000000002
1856,30.720000000000006
1857,10.240000000000002
1858,30.720000000000006
1859,40.96000000000001
1860,3522.560000000001
1861,14960.640000000003
1862,10086.400000000001
1863,2662.4000000000005
1864,3788.8000000000006
1865,8796.160000000002
1866,11489.280000000002
1867,3563.520000000001
1868,15964.160000000003
1869,12677.120000000003
1870,1126.4000000000003
1871,2846.7200000000007
1872,2723.8400000000006
1873,4618.240000000001
1874,2672.6400000000003
1875,2099.2000000000003
1876,122.88000000000002
1877,1351.6800000000003
1878,378.88000000000005
1879,61.44000000000001
1880,2908.1600000000008
1881,5324.800000000001
1882,40.96000000000001
1883,30.720000000000006
1884,10.240000000000002
1885,20.480000000000004
1886,20.480000000000004
1887,10.240000000000002
1888,40.96000000000001
1889,10.240000000000002
1890,30.720000000000006
1891,10.240000000000002
1892,30.720000000000006
1893,40.96000000000001
1894,9011.200000000003
1895,9635.840000000002
1896,37335.04000000001
1897,6922.240000000002
1898,6604.800000000001
1899,4751.360000000001
1900,7618.560000000001
1901,3532.8000000000006
1902,2437.1200000000003
1903,1576.9600000000003
1904,9584.640000000001
1905,3379.2000000000007
1906,4311.040000000001
1907,21401.600000000006
1908,2385.9200000000005
1909,2211.8400000000006
1910,8990.720000000001
1911,8140.800000000002
1912,798.7200000000001
1913,4290.56
1914,3696.640000000001
1915,491.5200000000001
1916,2355.2000000000003
1917,4075.520000000001
1918,563.2000000000002
1919,1372.1600000000003
1920,235.52000000000004
1921,4270.080000000001
1922,30.720000000000006
1923,19783.680000000004
1924,481.2800000000001
1925,92.16000000000003
1926,20.480000000000004
1927,20.480000000000004
1928,10.240000000000002
1929,10.240000000000002
1930,10.240000000000002
1931,20.480000000000004
1932,30.720000000000006
1933,12421.120000000003
1934,16476.160000000003
1935,2754.5600000000004
1936,15882.240000000003
1937,3246.080000000001
1938,10065.920000000002
1939,2017.2800000000004
1940,1413.1200000000003
1941,32491.520000000008
1942,7485.440000000001
1943,4577.280000000001
1944,737.2800000000002
1945,819.2000000000002
1946,17899.520000000004
1947,573.44
1948,2232.3200000000006
1949,2170.8800000000006
1950,3635.2000000000007
1951,737.2800000000002
1952,30.720000000000006
1953,307.20000000000005
1954,30.720000000000006
1955,20.480000000000004
1956,10.240000000000002
1957,10.240000000000002
1958,10.240000000000002
1959,20.480000000000004
1960,40.96000000000001
1961,10.240000000000002
1962,61.44000000000001
1963,40.96000000000001
1964,10.240000000000002
1965,8038.4000000000015
1966,3440.640000000001
1967,6666.240000000002
1968,19159.040000000005
1969,9226.240000000002
1970,2048.0000000000005
1971,1259.5200000000002
1972,2007.0400000000004
1973,1710.0800000000004
1974,1771.5200000000004
1975,1054.7200000000003
1976,2119.6800000000003
1977,5365.760000000001
1978,7608.3200000000015
1979,2785.2800000000007
1980,1310.7200000000003
1981,20019.200000000004
1982,92.16000000000003
1983,92.16000000000003
1984,18073.600000000002
1985,71.68
1986,30.720000000000006
1987,20.480000000000004
1988,10.240000000000002
1989,61.44000000000001
1990,10.240000000000002
1991,10.240000000000002
1992,10.240000000000002
1993,10.240000000000002
1994,10.240000000000002
1995,30.720000000000006
1996,10.240000000000002
1997,40.96000000000001
1998,5181.440000000001
1999,3891.2000000000007
2000,9635.840000000002
2001,8785.920000000002
2002,10219.520000000002
2003,24627.200000000004
2004,3973.120000000001
2005,2775.0400000000004
2006,2324.4800000000005
2007,4710.400000000001
2008,4055.040000000001
2009,471.0400000000001
2010,18647.040000000005
2011,13291.520000000002
2012,1484.8000000000002
2013,481.2800000000001
2014,4505.600000000001
2015,61.44000000000001
2016,184.32000000000005
2017,2600.9600000000005
2018,30.720000000000006
2019,20.480000000000004
2020,10.240000000000002
2021,10.240000000000002
2022,10.240000000000002
2023,61.44000000000001
2024,20.480000000000004
2025,30.720000000000006
2026,30.720000000000006
2027,30.720000000000006
2028,10.240000000000002
2029,10.240000000000002
2030,51.20000000000001
2031,4290.56
2032,11929.600000000002
2033,14489.600000000002
2034,6604.800000000001
2035,3420.1600000000008
2036,9512.960000000001
2037,4331.52
2038,7567.3600000000015
2039,9615.360000000002
2040,10967.040000000003
2041,6031.3600000000015
2042,2877.4400000000005
2043,1710.0800000000004
2044,2252.8000000000006
2045,4065.2800000000007
2046,3276.8000000000006
2047,4997.120000000001
2048,11745.280000000002
2049,1024.0000000000002
2050,3880.960000000001
2051,3696.640000000001
2052,276.4800000000001
2053,40.96000000000001
2054,11827.200000000003
2055,9103.360000000002
2056,20.480000000000004
2057,71.68
2058,61.44000000000001
2059,10.240000000000002
2060,30.720000000000006
2061,10.240000000000002
2062,30.720000000000006
2063,30.720000000000006
2064,30.720000000000006
2065,10.240000000000002
2066,3215.3600000000006
2067,5560.3200000000015
2068,1402.8800000000003
2069,7147.520000000001
2070,4833.280000000001
2071,2764.8000000000006
2072,7669.760000000001
2073,1495.0400000000002
2074,1669.1200000000003
2075,10076.160000000002
2076,1935.3600000000004
2077,942.0800000000002
2078,5918.720000000001
2079,696.3200000000002
2080,61.44000000000001
2081,2017.2800000000004
2082,3850.2400000000007
2083,10.240000000000002
2084,20.480000000000004
2085,2938.8800000000006
2086,10.240000000000002
2087,10.240000000000002
